ID,Text,Demand
6,Tìm laptop với bàn phím có đèn nền cho việc làm việc trong bóng tối,0
7,Có laptop nào có loa và âm thanh chất lượng cao,0
8,Tìm laptop với thiết kế tản nhiệt tốt để giảm nhiệt độ trong quá trình gaming,0
9,Laptop nào có ổ đĩa quang để đọc và ghi đĩa CD/DVD,0
10,Laptop nào có tính năng làm mát hiệu quả để duy trì hiệu suất tốt,0
11,Laptop nào có khả năng nâng cấp GPU để cải thiện hiệu suất gaming?,0
12,Tìm laptop với khả năng kết nối Bluetooth và Wi-Fi tốt,0
13,Laptop nào có bàn phím có tích hợp đèn nền cho làm việc trong bóng tối?,0
14,Laptop chơi game mượt,0
15,"Laptop chơi game không bị giật, lag",0
16,"Laptop pin trâu, phù hợp chơi game",0
17,Laptop gaming 2023,0
18,Tôi muốn mua laptop để livetream chơi game,0
19,"Là một game thủ chuyên nghiệp, tôi cần tìm laptop phù hợp",0
20,Tìm laptop có cấu hình mạnh để tải được tài nguyên game,0
21,Laptop chuyên chơi game,0
22,Cần tìm laptop có cấu hình mạnh để chơi game,0
23,Laptop cơ bản gaming,0
24,Laptop chơi game siêu mượt ,0
25,Laptop chơi được game,0
26,Laptop phù hợp với dân gaming ,0
27,Laptop có cấu hình mạnh cài đặt được nhiều game,0
28,"Laptop có sự kết nối wifi, blutooth ổn định để chơi game không bị lag",0
29,Laptop chơi game chuyên nghiệp,0
30,Laptop chơi game giá rẻ,0
31,Laptop chơi game đẹp,0
32,"Laptop có card đồ họa, cấu hình mạnh mẽ phù hợp livetream game",0
33,Laptop cho game thủ chuyên nghiệp,0
34,Laptop chơi game dưới 20tr,0
35,Laptop chơi game trong tầm giá,0
36,Laptop có thể vừa làm việc hiệu quả lại có thể chơi game,0
37,Tìm laptop có cấu hình phù hợp game thủ,0
38,Tìm laptop chuyên để chơi game,0
39,Máy tính trong tầm giá có thể chơi game,0
40,Laptop gaming mới nhất,0
41,Laptop gaming hiện nay,0
42,Laptop gaming giá rẻ,0
43,Laptop gaming chuyên nghiệp,0
44,Laptop dành riêng cho game thủ thi đấu ,0
45,Laptop gaming xịn xò,0
46,Tôi muốn mua latop chơi game không bị nóng,0
47,Tôi muốn mua laptop chơi game có quạt tản nhiệt tốt,0
48,Tôi muốn mua laptop chơi game có bàn phím siêu đẹp,0
49,"Tôi muốn mua latop chơi game có màn hình đẹp, giá rẻ",0
50,Tôi muốn mua latop gaming tốt nhất hiện nay,0
51,Top laptop gaming được ưa chuộng nhất,0
52,Latop nên mua để chơi game chuyên nghiệp,0
53,Laptop có thể vừa chơi game vừa đồ họa tốt để livetream,0
54,Laptop cho công việc livetream game ,0
55,"Laptop cấu hình cao, vừa thiết kế được vừa chơi các game giải trí",0
56,Laptop chơi game giải trí,0
57,Laptop cho dân gaming,0
58,Laptop có bàn phím và màn hình đẹp phù hợp chơi game liên tục,0
59,Laptop có màn hình đẹp phù hợp chơi game nhiều giờ,0
60,Laptop gaming trợ giá,0
61,Laptop gaming không bị nóng máy khi chơi hàng giờ,0
62,Laptop gaming mỏng nhẹ,0
63,"Laptop gaming bền, đẹp",0
69,Tôi cần một laptop cho việc học tập từ xa. Bạn có máy tính nào phù hợp cho sinh viên không?,1
70,Tôi muốn tìm một laptop chất lượng với giá tầm trung. Bạn có thể gợi ý cho tôi những dòng laptop trong khoảng giá đó không?,1
71,Tôi cần một laptop với bàn phím thoải mái để làm việc nhiều giờ liền. Bạn có thể gợi ý cho tôi các dòng có bàn phím tốt không?,1
72,Tôi làm công việc văn phòng và cần một laptop để xử lý tác vụ hàng ngày. Có máy tính nào phù hợp cho công việc văn phòng không?,1
73,Tôi cần một laptop có màn hình lớn để làm việc với tài liệu và bảng tính. Bạn có thể gợi ý cho tôi các dòng laptop có màn hình lớn không?,1
74,Tôi thường phải di chuyển nhiều giữa các cuộc họp và khách hàng. Có laptop siêu mỏng và nhẹ phù hợp cho công việc này không?,1
75,Tôi cần laptop có bàn phím thoải mái để viết văn bản và email một cách dễ dàng. Có máy tính nào có bàn phím tốt không?,1
76,Tôi đang tìm một laptop với hiệu suất và sức mạnh xử lý đủ để xử lý các tác vụ văn phòng phức tạp. ,1
77,Tôi làm việc trong môi trường doanh nghiệp và cần một laptop có tích hợp hệ thống quản lý và bảo mật. Có lựa chọn nào phù hợp không?,1
78,Tôi thường phải làm việc với các tài liệu nhạy cảm. Bạn có thể gợi ý cho tôi các máy tính có tính năng bảo mật cao không?,1
79,Laptop giá rẻ dưới 10tr đồng,1
80,Laptop cho công việc văn phòng,1
81,Laptop cho con học lớp 10,1
82,Tôi là kế toán muốn mua laptop dưới 15tr,1
83,Tôi là sinh viên năm nhất ngành công nghệ thông tin muốn mua laptop phù hợp,1
84,Tôi là sinh viên năm nhất ngành quản trị kinh doanh muốn mua laptop phù hợp,1
85,Tôi là sinh viên năm cuối ngành công nghệ thông tin muốn mua laptop phù hợp,1
86,"Tôi là quản trị doanh nghiệp, thường xuyên họp và di chuyển nhiều. Cần một cái laptop nhẹ, mỏng và pin lâu",1
87,"Tôi là giáo viên dạy môn tiếng anh THPT, cần tìm mua laptop phù hợp để soạn giáo án và bài giảng điện tử ",1
88,"Tôi có con mới lên đại học, cần tìm laptop dưới 15tr",1
89,"Tôi có con mới lên lớp 6, cần mua latop cho con",1
90,"Tôi là dân văn phòng, thường họp và soạn thảo nhiều tài liệu, cần tìm kiếm laptop phù hợp",1
91,Laptop nào siêu mỏng và nhẹ,1
92,Laptop nào có giá rẻ và chất lượng cho sinh viên đại học,1
93,Có máy tính xách tay nào tốt cho việc du lịch và làm việc từ xa,1
94,Laptop nào tương thích tốt với các ứng dụng doanh nghiệp,1
95,Có laptop có bàn phím thoải mái để viết văn bản dài?,1
96,Laptop nào tốt để xem phim và giải trí?,1
97,Laptop nào có độ bền và độ tin cậy cao cho việc sử dụng hàng ngày,1
98,Có laptop nào hỗ trợ kết nối ổ cứng ngoại để sao lưu dữ liệu,1
99,Có laptop nào được thiết kế cho người dùng khuyết tật hoặc có nhu cầu đặc biệt,1
100,Laptop nào có tính năng sạc nhanh để tiết kiệm thời gian,1
101,Laptop nào có màn hình chống lóa để làm việc trong môi trường ánh sáng mạnh,1
102,Laptop nào phù hợp cho việc xem và chỉnh sửa tài liệu văn bản?,1
103,Có laptop nào được thiết kế cho người dùng doanh nhân trên đường?,1
104,Có laptop nào dành riêng cho người học trực tuyến và công việc từ xa?,1
105,Laptop nào phù hợp cho việc duyệt web và làm việc văn phòng đơn giản?,1
106,Laptop nào có kết nối ổ đĩa SSD M.2 cho tốc độ đọc/ghi dữ liệu nhanh?,1
107,Có laptop nào dành riêng cho các ứng dụng kế toán,1
108,"Cần mua laptop mỏng nhẹ, thích hợp cho dân văn phòng",1
109,"Laptop đẹp, phù hợp di chuyển và làm tài kiệu office",1
110,Laptop phù hợp công việc thường xuyên làm báo cáo và họp hành,1
111,Laptop văn phòng siêu rẻ ,1
112,Laptop văn phòng dưới 20tr,1
113,Laptop cho công việc kế toán ,1
114,Laptop sinh viên giá rẻ,1
115,Laptop sinh viên dưới 15tr,1
116,Laptop cho sinh viên quản trị kinh doanh ,1
117,"Tôi cần tìm laptop gọn nhẹ, phù hợp di chuyển và tham gia các cuộc họp ",1
118,Cần tìm laptop cho con học lớp 8,1
119,Cần tìm laptop cho con học lớp 10,1
120,Cần tìm laptop để phục vụ công việc giảng dạy THCS,1
121,Cần tìm laptop để làm marketing,1
122,Cần tìm laptop văn phòng đẹp,1
123,Laptop sinh viên năm cuối ,1
124,Dân văn phòng cần mua laptop,1
125,Laptop giá rẻ ,1
126,"Laptop có dung lượng lớn, mỏng nhẹ phù hợp làm tài liệu văn phòng",1
127,Laptop cho giảng viên ,1
128,Laptop cho giáo viên tiểu học ,1
129,Laptop cho học sinh lớp 5,1
130,"Laptop phục vụ học tập, giải trí nhẹ nhàng",1
131,Laptop sinh viên trong tầm giá,1
132,Laptop sinh viên cơ bản ,1
133,"Laptop cho kiểm toán, thường xuyên làm việc với phần mềm office",1
134,Laptop văn phòng giá rẻ,1
135,"Laptop mỏng, nhẹ tiện di chuyển ",1
136,Laptop học tập hiệu quả,1
137,Laptop để học online,1
138,Laptop cho dân văn phòng ,1
139,Laptop sinh viên giá rẻ 2023,1
140,"Laptop phù hợp thường xuyên gặp gỡ khách hàng, biên soạn tài liệu",1
146,Tôi quan tâm đến tính năng bảo mật để bảo vệ thông tin công việc. Có laptop có tính năng bảo mật tốt không?,2
147,"Tôi cần một máy tính có khả năng nâng cấp trong tương lai, đặc biệt là RAM và ổ cứng. Có máy tính nào dễ dàng nâng cấp không?",2
148,Laptop dành cho người lập trình,2
149,Laptop chạy các ứng dụng đồ họa,2
150,Laptop có độ phân giải màn hình siêu đẹp,2
151,Tôi là nhà thiết kế thời trang muốn mua laptop ,2
152,Tôi muốn laptop để livetream,2
153,Có máy tính xách tay nào có hiệu suất cao cho việc chỉnh sửa video?,2
154,Tìm laptop 2 trong 1 (2-in-1) có bút cảm ứng cho việc ghi chú,2
155,Tìm laptop với ổ cứng SSD lớn để lưu trữ dữ liệu?,2
156,Có laptop nào có màn hình cảm ứng cho công việc thiết kế đồ họa?,2
157,Laptop nào có khả năng nâng cấp RAM và ổ cứng dễ dàng,2
158,Laptop nào có thiết kế chống nước hoặc chống va đập cho công việc ngoài trời?,2
159,Có laptop nào phù hợp cho việc thiết kế đồ họa 3D,2
160,Tìm laptop với pin có thời lượng lâu và công nghệ sạc nhanh,2
161,Laptop nào có bàn cảm ứng và hỗ trợ viết bút,2
162,Có laptop nào được thiết kế đặc biệt cho việc xem và chỉnh sửa video 4K,2
163,Laptop nào có tích hợp webcam chất lượng cao cho cuộc họp trực tuyến?,2
164,Tìm laptop với bộ nhớ SSD nhanh để tăng tốc khởi động và tải ứng dụng,2
165,Có laptop nào được thiết kế đặc biệt cho việc xem và chỉnh sửa video 4K,2
166,Tìm laptop với màn hình cảm ứng xoay 360 độ cho tính di động,2
167,Laptop nào có công nghệ bảo mật tiên tiến như bảo mật vân tay hoặc nhận diện khuôn mặt?,2
168,Tìm laptop với màn hình OLED cho chất lượng hình ảnh tốt nhất,2
169,Laptop nào có khả năng mở rộng bộ nhớ RAM lên cao hơn,2
170,Laptop nào có hệ thống âm thanh chất lượng cao cho trải nghiệm âm nhạc và phim ảnh tốt nhất,2
171,Có laptop nào dành riêng cho các ứng dụng đồ họa 2D và CAD,2
172,Laptop nào có khe cắm thẻ nhớ SD cho người làm nhiếp ảnh hoặc dựng video,2
173,Tìm laptop với khả năng chống bụi và nước cho môi trường công việc khắc nghiệt,2
174,Tìm laptop với thiết kế gập ngược cho tính di động và tiện lợi,2
175,Tìm laptop với ổ cứng SSD để tăng tốc độ khởi động và tải ứng dụng,2
176,Laptop nào có độ phân giải màn hình Full HD cho trải nghiệm xem video sắc nét?,2
177,Laptop nào có bộ vi xử lý mạnh mẽ như Intel Core i7 hoặc AMD Ryzen 9,2
178,Tìm laptop với thiết kế màn hình viền mỏng (bezel-less) cho trải nghiệm hình ảnh tốt hơn,2
179,"Tôi muốn tìm laptop mỏng, nhẹ làm kỹ thuật ",2
180,Tôi đang tìm một laptop với màn hình lớn và độ phân giải cao để làm việc với đồ họa và xem phim. Bạn có thể giới thiệu cho tôi một số lựa chọn không?,2
181,"Là nhà thiết kế nội thất, cần tìm laptop để xử lí các đồ họa",2
182,"Laptop có thể cài đặt các ứng dụng thiết kế banner, poster",2
183,Laptop có cấu hình mạnh cho ngành kỹ thuật ,2
184,"Laptop pin trâu, cấu hình mạnh ",2
185,"Laptop có màn hình đẹp, độ phân giải cao",2
186,"Laptop có card đồ họa để xử lí âm thanh, video chuyên nghiệp",2
187,"Laptop thiết kế, photoshop",2
188,Laptop xử lí hình ảnh,2
189,Laptop cho dân công nghệ thông tin,2
190,Laptop cho ngành kỹ thuật điện tử viễn thông,2
191,"Laptop cấu hình mạnh mẽ, phù hợp cho dân lập trình",2
192,Laptop kỹ thuật dưới 25tr,2
193,"Laptop có dung lượng bộ nhớ lớn, cấu hình mạnh mẽ",2
194,Laptop thiết kế thời trang,2
195,Laptop lập trình 2023,2
196,"Laptop cấu hình mạnh, phù hợp cho dân lập trình ",2
197,"Laptop phù hợp cho thiết kế, làm truyền thông",2
198,"Máy tính có màn hình, bàn phím phù hợp thiết kế đồ họa",2
199,Máy tính thích hợp dựng video,2
200,Laptop phù hợp làm phim,2
201,Laptop kỹ thuật giá rẻ,2
202,Laptop thiết kế đồ họa giá rẻ,2
203,Laptop thiết kế Website phù hợp,2
204,"Laptop thiết kế ứng dụng, lập trình phù hợp",2
205,Laptop cấu hình siêu mạnh,2
206,"Laptop khỏe, có card đồ họa ",2
207,"Laptop có cảm ứng màn hình, chuyên cho ngành thiết kế",2
